{"cameraMode":{"drawMode":0,"name":"Shaded","section":"Shading Mode"},"sceneLighting":false,"audioPlay":false,"sceneViewState":{"m_AlwaysRefresh":false,"showFog":true,"showSkybox":false,"showFlares":true,"showImageEffects":true,"showParticleSystems":true,"showVisualEffectGraphs":true,"m_FxEnabled":true},"in2DMode":false,"pivot":{"x":18.297821044921876,"y":0.8728035092353821,"z":22.828588485717775},"rotation":{"x":-0.08569923043251038,"y":0.017926206812262536,"z":-0.0015977313742041588,"w":-0.9962565302848816},"size":4.9749369621276859,"orthographic":false}