{"cameraMode":{"drawMode":0,"name":"Shaded","section":"Shading Mode"},"sceneLighting":false,"audioPlay":false,"sceneViewState":{"m_AlwaysRefresh":false,"showFog":true,"showSkybox":false,"showFlares":true,"showImageEffects":true,"showParticleSystems":true,"showVisualEffectGraphs":true,"m_FxEnabled":true},"in2DMode":false,"pivot":{"x":30.46346664428711,"y":8.622821807861329,"z":26.101673126220704},"rotation":{"x":-0.10561321675777435,"y":0.8304901123046875,"z":-0.16865332424640656,"w":-0.5204596519470215},"size":0.40841248631477358,"orthographic":false}