{"cameraMode":{"drawMode":0,"name":"Shaded","section":"Shading Mode"},"sceneLighting":false,"audioPlay":false,"sceneViewState":{"m_AlwaysRefresh":false,"showFog":true,"showSkybox":false,"showFlares":true,"showImageEffects":true,"showParticleSystems":true,"showVisualEffectGraphs":true,"m_FxEnabled":true},"in2DMode":false,"pivot":{"x":6.438333988189697,"y":5.488461494445801,"z":0.6078417301177979},"rotation":{"x":0.031799256801605228,"y":0.9372252821922302,"z":-0.3360787034034729,"w":0.08853109925985336},"size":2.5357444286346437,"orthographic":false}